序号,报告页,疑似率,字符数,章节,源文件,片段摘录
1,2,81.05%,364,摘要,chapters/abstract.tex,固定任务上改善结果，但其效果依赖已有样例和适配数据，数据构建、维护与更新成本较 高；当任务形式变化、外部知识更新或跨基准迁移时，泛化能力仍受到限制。 针对上述问题，本文提出基于规划反馈的多智能体图推理协同求解框架 PlanGraph。该框架将图推 理过程拆分为规划生成、规划引导检索、执行验证与反馈修复等相互衔接的阶段。具体而言，问题 智能体和规划智能体首先对自然语言问题、图结构描述和输出要求进行解析，并生成伪代码形式的 规划结果，用于显式记录任务目标、算法步骤和关键约束。随后，检索智能体不再直接依据原始问 题检索，而是利用规划结果从图算法文档知识库中获取相关 API、算法说明和实现知识，并在检索结 果不足时进行片段精炼或补充检索。编码智能体根据规划与检索结果生成可执行程序，再通过运行 测试、错误反馈、推理修正和有界重生成形成验证闭环。通过这种设计，规划在前向求解过程中约 束知识调用和代码生成，反馈则在反向过程中定位并修正实现偏差、约束遗漏和输出不一致问题 ，从而提高程序化图推理的稳定性、正确性和可解释性。
2,3,78.41%,229,第1章,chapters/chapter1.tex,and interpretable implementation path for collaborative solving of complex structured problems with LLMs and graph algorithm tools. 绪论 研究背景与意义图结构可以刻画实体之间的连接关系及其相互作用，因此常用于交通网络 、社交网络、生物分子网络、知识图谱和软件依赖分析等场景。对图结构进行推理和计算 ，是图论、数据挖掘与人工智能研究中的基础问题。最短路径、连通性判定、匹配、最大 团、最小顶点覆盖以及旅行商问题等任务，既有清晰的图论定义和算法基础，也对应路径 规划、网络分析、资源调度和组合优化等实际应用需求。 近年来，大语言模型在语义理解、步骤化推理和程序生成方面表现出较强能力。Transformer架构、 少样本学习、指令微调以及开源基础模型的发展，使语言模型逐渐从文本建模工具扩展为能够参与 复杂任务求解的通用模型。在链式思维提示、自一致性采样、树状思维等方法的推动下，语言模型
3,4,82.42%,443,第1章,chapters/chapter1.tex,在数学推理、代码生成和工具调用任务中已经展现出较好的问题分解与执行辅助能力。基于这些能 力，研究者开始将大语言模型用于图推理任务，尝试让模型根据自然语言问题理解图结构、选择合 适算法，并生成相应的求解过程或程序。 图1.1给出了本文所研究图推理任务的基本流程：系统首先接收自然语言形式的任务描述 ，再围绕给定图结构执行最短路径、最大团、旅行商等不同类型的图推理任务，最终生成 目标答案。与传统纯文本问答不同，这类任务的关键在于如何把自然语言目标准确映射到 可执行的图算法流程上。 图推理与一般文本推理存在本质差异。图结构强调节点、边及其拓扑关系，输入信息通常 由离散的结构对象组成，而非自然语言中的线性语义序列。为了适配语言模型，大多数现 有方法需要将图序列化为文本，再让模型直接进行端到端推理或生成代码。随着图规模增 大、边属性变复杂以及约束条件增多，这种串行化表示会显著增加模型理解负担，导致拓 扑关系遗漏、约束违反和答案幻觉等问题。 针对这一挑战，本文关注的并非一般性地描述图推理任务难度，而是大语言模型在图推理求解中面 临的流程耦合问题：任务理解、算法选择、知识调用、代码实现和正确性验证常被压缩在一次生成 过程中，任何一个中间环节出现偏差，都可能造成最终答案错误或程序不可执行。对于图推理这类 同时依赖结构理解、算法步骤和约束满足的任务，这种耦合会放大错误传播风险。 因此，本文关注大语言模型在图推理任务中的可靠求解问题，重点讨论如何在不同类型图任务之间 保持较好的泛化能力。本文认为，单纯延长推理链，或直接更换能力更强的基础模型，并不能稳定 避免图结构遗漏、算法选择偏差和程序执行错误。对于图推理任务而言，更需要在自然语言任务描 述和可执行程序之间加入一个可检查的中间层，用来记录任务目标、算法步骤和约束条件。在此基 础上，规划结果用于约束后续的知识检索与代码生成，执行反馈则用于反向定位并修正程序实现中 的偏差和遗漏。基于这一思路，本文构建了面向图推理任务的多智能体协同求解框架，将规划的前 向约束作用与反馈的反向修正作用结合起来。
4,5,79.30%,248,第1章,chapters/chapter1.tex,中间步骤，往往比直接生成最终答案更稳定。 除文本提示层面的改进外，另一条研究路线是将语言模型接入外部工具、执行环境或程序系统。 PAL将自然语言问题转化为程序生成与执行问题，使模型负责生成求解逻辑，而把具体计算交给解释 器完成。Toolformer和 ToolLLM 更强调模型对外部 API的识别、选择和调用能力，使语言模型可以 在生成过程中主动利用外部功能。Gorilla和 AlphaCode 则分别从 API对齐和复杂程序生成角度说明 ，语言模型在外部环境支持下可以完成更复杂的任务。这类研究的共同特点是：模型不再被要求独 立完成所有计算细节，而是通过生成程序、调用工具或访问外部知识，将部分任务交给更适合的执 行模块完成。
5,5,78.55%,245,第1章,chapters/chapter1.tex,求解逻辑，而把具体计算交给解释 器完成。Toolformer和 ToolLLM 更强调模型对外部 API的识别、选择和调用能力，使语言模型可以 在生成过程中主动利用外部功能。Gorilla和 AlphaCode 则分别从 API对齐和复杂程序生成角度说明 ，语言模型在外部环境支持下可以完成更复杂的任务。这类研究的共同特点是：模型不再被要求独 立完成所有计算细节，而是通过生成程序、调用工具或访问外部知识，将部分任务交给更适合的执 行模块完成。 79.30% (248字符) 从技术路线来看，大语言模型的推理增强大致经历了提示增强、工具增强以及过程控制与系统协同 三个阶段。早期方法主要通过提示设计和采样策略，引导模型展开中间推理过程；随后，研究重点 逐渐转向程序执行、知识检索和API调用，使精确计算和外部知识能够进入模型求解链路；近期工作 则更关注推理过程是否可记录、可检查和可回退，尝试把规划、行动、反馈与修复组织成一个连续 的求解过程。因此，复杂任务能力的提升并不只取决于模型生成更长的推理文本，还取决于模型能 否在不同阶段完成合适的子任务，并与外部执行能力形成稳定配合。
6,5,79.11%,279,第1章,chapters/chapter1.tex,8字符) 从技术路线来看，大语言模型的推理增强大致经历了提示增强、工具增强以及过程控制与系统协同 三个阶段。早期方法主要通过提示设计和采样策略，引导模型展开中间推理过程；随后，研究重点 逐渐转向程序执行、知识检索和API调用，使精确计算和外部知识能够进入模型求解链路；近期工作 则更关注推理过程是否可记录、可检查和可回退，尝试把规划、行动、反馈与修复组织成一个连续 的求解过程。因此，复杂任务能力的提升并不只取决于模型生成更长的推理文本，还取决于模型能 否在不同阶段完成合适的子任务，并与外部执行能力形成稳定配合。 78.55% (245字符) 需要注意的是，上述推理增强方法多数面向自然语言问答、数学推理或通用代码生成任务。此类任 务的输入通常可以被处理为线性文本，输出形式也多为答案、程序或行动序列。图推理任务则不同 ，其输入包含节点、边、属性和约束条件，求解过程还需要满足明确的拓扑关系。若仅扩展一般思 维链，模型可能在中间步骤中遗漏节点关系、边属性或约束条件；若只依赖工具调用，也可能出现 检索到的知识、选择的算法和最终程序实现不一致的问题。因此，已有推理增强研究虽然为本文提 供了分阶段求解、工具调用和过程验证方面的方法基础，但在高约束图推理场景中，还需要进一步 引入面向图结构的中间表示和可执行验证机制。
7,5,78.84%,222,第1章,chapters/chapter1.tex,扩展一般思 维链，模型可能在中间步骤中遗漏节点关系、边属性或约束条件；若只依赖工具调用，也可能出现 检索到的知识、选择的算法和最终程序实现不一致的问题。因此，已有推理增强研究虽然为本文提 供了分阶段求解、工具调用和过程验证方面的方法基础，但在高约束图推理场景中，还需要进一步 引入面向图结构的中间表示和可执行验证机制。 79.11% (279字符) 图推理任务上的大语言模型研究针对图推理问题，近年来出现了一批专门的评测基准。NLGraph关 注自然语言条件下的经典图算法任务，GraphWiz面向指令式图算法推理，GraphArena、 GraphInstruct 与 LLM4DyG则分别从经典图问题、指令跟随场景和动态图场景评估模型能力。相关 方法研究也开始从图理解对齐、图序列化表达和组合优化思维生成等角度系统推动该方向发展。这 些基准与方法研究普遍表明，尽管大模型在小规模样例和规则明确的问题上能够取得一定效果，但 在结构复杂、约束严格或需要组合优化的场景下，其性能仍显著受限。
8,5,78.05%,202,第1章,chapters/chapter1.tex,nstruct 与 LLM4DyG则分别从经典图问题、指令跟随场景和动态图场景评估模型能力。相关 方法研究也开始从图理解对齐、图序列化表达和组合优化思维生成等角度系统推动该方向发展。这 些基准与方法研究普遍表明，尽管大模型在小规模样例和规则明确的问题上能够取得一定效果，但 在结构复杂、约束严格或需要组合优化的场景下，其性能仍显著受限。 78.84% (222字符) 现有图推理增强研究可以概括为三种思路。第一种思路侧重于增强模型的图结构感知能力，通常通 过任务改写、结构化提示或面向图任务的指令微调，使模型更容易识别节点、边及其拓扑关系。第 二种思路侧重于程序化求解，即把自然语言中的图任务转换为Python 程序，再借助 NetworkX等图 计算库完成具体计算。第三种思路则引入多智能体协作机制，让不同角色分别负责规划、检索、代 码生成、评审和修复等环节，以减少单一模型一次性完成全部步骤时产生的错误。
9,6,79.15%,281,第1章,chapters/chapter1.tex,一步引入时间演化和动态图约束，用于考察模型对动态关系的处理能力。近期围绕图推理 泛化、复杂图理解、大规模图数据编码和强化学习式图推理的研究也表明，图推理评测不 能只看最终答案是否正确，还需要同时关注输入解析、图构建、算法选择、代码执行和结 果验证等环节。因此，图推理更接近一个由多个子过程共同组成的系统性任务，而不是单 一的文本推理能力测试。 从已有工作的演进过程看，图推理增强方法已经逐渐形成结构感知增强、程序化求解和多智能体协 作三条路线。结构感知类方法主要试图缓解语言模型对图结构表示不足的问题；程序化方法通过调 用成熟图计算库来提高结果的可执行性和确定性；多智能体方法则把任务理解、规划组织、知识获 取和错误修复拆分给不同角色完成。这些研究说明，图推理研究的重点正在从单纯提升模型的结构 理解能力，转向构建更加稳定的图任务求解流程。不过，在中间规划表示如何构造、检索到的知识 如何与算法步骤保持一致，以及执行错误如何形成有效反馈闭环等方面，现有方法仍有进一步改进 空间。这些问题也是下一小节需要继续讨论的重点。
10,7,82.40%,441,第1章,chapters/chapter1.tex,然语言问题生成最终程序或答案，而是将整个求解过程拆分为规划生成、规划引导检索与 检索质量评估、执行验证与反馈推理三个阶段。 在规划生成阶段，系统首先从原始问题中识别任务目标、输入图信息以及最终输出要求，并由规划 智能体生成结构化伪代码。这里的伪代码并不是完整程序，而是对算法意图、求解顺序和关键约束 的概括，用来描述后续代码生成需要遵循的主要操作。进入知识检索阶段后，系统不再直接使用原 始问题文本作为查询，而是依据规划阶段得到的伪代码，从图算法文档知识库中检索相关API说明、 输入输出约束和使用示例。这样可以使检索内容更接近实际求解步骤，减少与当前任务无关的知识 片段对代码生成的干扰。在执行验证与反馈推理阶段，编码智能体结合规划结果和检索知识生成可 执行代码；系统随后在小样本图上进行单元测试，用于检查程序的基本正确性。若执行过程中出现 报错、输出格式异常或结果不满足约束，推理智能体会根据反馈信息进行修正；若多轮局部修正仍 无法通过验证，系统则触发重新生成机制。通过这种局部修正与重生成结合的双层闭环，规划在前 向过程中约束检索和代码生成，执行反馈则在反向过程中修正实现偏差、知识不匹配和约束遗漏 ，最终得到更可靠的答案。
11,7,79.17%,280,第1章,chapters/chapter1.tex,内容更接近实际求解步骤，减少与当前任务无关的知识 片段对代码生成的干扰。在执行验证与反馈推理阶段，编码智能体结合规划结果和检索知识生成可 执行代码；系统随后在小样本图上进行单元测试，用于检查程序的基本正确性。若执行过程中出现 报错、输出格式异常或结果不满足约束，推理智能体会根据反馈信息进行修正；若多轮局部修正仍 无法通过验证，系统则触发重新生成机制。通过这种局部修正与重生成结合的双层闭环，规划在前 向过程中约束检索和代码生成，执行反馈则在反向过程中修正实现偏差、知识不匹配和约束遗漏 ，最终得到更可靠的答案。 82.40% (441字符) 基于上述分析，本文将研究问题归纳为两个相互关联的挑战。第一，如何将复杂的自然语言图推理 任务稳定转换为可执行的求解过程。图任务通常同时包含任务语义、图结构信息和约束条件。如果 缺少合适的中间表示，模型可能出现“理解了问题但程序实现偏离目标”，或“程序可以运行但遗 漏关键约束”的情况。第二，如何在规划约束下完成面向当前任务的外部知识调用，并进一步提高 程序运行的可靠性。对于图推理任务而言，检索到的API、算法说明和示例是否与当前规划步骤一致 ，会直接影响后续代码生成质量。同时，单次程序生成很难覆盖所有边界情况，因此还需要通过执 行反馈和迭代修复机制来提高最终答案的正确率。
12,7,77.04%,121,第1章,chapters/chapter1.tex,语言模型给出最终答案，还要求其形成可追踪、可验证并且可 以修正的求解过程。具体而言，本文希望实现以下目标： （1）在方法层面，建立规划生成、知识检索和验证推理相结合的分阶段求解范式，并通过 反馈回流减少推理过程中的错误传播和答案幻觉； （2）在系统层面，设计面向多智能体协同的中间工件传递机制和黑板调度机制，使不同模块之间能 够保持信息一致，并提高求解过程的可解释性； （3）在实验层面，基于多个公开图推理基准测试集评估所提方法，重点考察其在精确匹配率、稳定 性和鲁棒性等方面的表现。
13,8,80.51%,348,第1章,chapters/chapter1.tex,系统首先对输入任务进行结构化解析，提取任务类型、图中涉及的节点与边信息以及相应约束条件 。随后，规划模块将求解思路整理为算法级伪代码，作为检索和代码生成阶段共享的中间语义表示 。检索模块根据伪代码中的算法步骤，从外部文档知识库中筛选可能需要的API说明和算法描述，并 结合检索结果的匹配情况判断是否需要进一步精炼知识片段或发起补充检索。之后，编码模块依据 规划结果和检索知识生成可执行程序，验证模块则通过测试结果判断程序是否满足任务要求，并在 出现错误时触发修复或重新生成。最后，系统按照题目要求整理并输出可复核的答案。相比直接生 成最终答案的方式，该技术路线把复杂图任务拆分为多个可以单独检查的环节，使错误来源更容易 被定位；同时，执行反馈为后续修正提供了明确依据，避免系统在失败后只是重复生成缺乏针对性 的答案。
14,10,79.81%,312,第2章,chapters/chapter2.tex,图表示序列化图结构如何表示，是大语言模型处理图推理任务时首先需要面对的问题。现有任务中 常见的表示方式包括边列表、邻接表、自然语言描述以及类似JSON的半结构化格式。边列表能够直 接列出节点之间的连接关系，适合表达图中的具体边；但当边同时带有方向、权重、时间戳等属性 时，输入长度和阅读难度都会增加。邻接表更突出节点的局部邻域信息，便于观察相邻节点关系 ，但对全局路径约束、连通关系或组合优化目标的表达不够直接。自然语言描述与用户提问形式更 接近，容易承载任务背景和需求说明，但也可能把图结构、背景信息和求解目标混在一起，增加模 型解析难度。半结构化表示更便于程序读取和后续解析，不过相较于自然语言，它对任务语义和隐 含条件的表达能力相对有限。
15,10,78.98%,190,第2章,chapters/chapter2.tex,入 后先构造结构化中间表示，再进入规划与程序生成阶段。 大语言模型推理增强技术本节围绕分步推理、结构化搜索与推理过程控制等方向，归纳大 语言模型在复杂任务中的能力增强路径，并分析其对图推理场景的可借鉴性。 链式与分解式推理Chain-of-Thought提示通过要求模型先生成中间推理步骤，再给出最终答案，以 提升复杂问题求解能力。Self-Consistency在此基础上采样多条思维链并进行投票，降低单次生成的 偶然误差。Least-to-MostPrompting 则强调先求解简单子问题，再逐步组合为完整解答。Zero- Shot CoT 与Selection-Inference的结果表明，即便在缺少显式示例或需要保持中间步骤可解释的情 况下，合理的推理分解也能改善模型表现。这些方法共同说明，对于复杂任务而言，分步思考是提 升模型稳定性的有效手段。
16,10,82.50%,397,第2章,chapters/chapter2.tex,。 大语言模型推理增强技术本节围绕分步推理、结构化搜索与推理过程控制等方向，归纳大 语言模型在复杂任务中的能力增强路径，并分析其对图推理场景的可借鉴性。 链式与分解式推理Chain-of-Thought提示通过要求模型先生成中间推理步骤，再给出最终答案，以 提升复杂问题求解能力。Self-Consistency在此基础上采样多条思维链并进行投票，降低单次生成的 偶然误差。Least-to-MostPrompting 则强调先求解简单子问题，再逐步组合为完整解答。Zero- Shot CoT 与Selection-Inference的结果表明，即便在缺少显式示例或需要保持中间步骤可解释的情 况下，合理的推理分解也能改善模型表现。这些方法共同说明，对于复杂任务而言，分步思考是提 升模型稳定性的有效手段。 78.98% (190字符) 然而，这些方法最初主要面向自然语言问答、数学计算或一般数值推理任务。在图推理场景中，模 型除了给出中间分析步骤，还必须把这些步骤落实到节点、边、路径、连通性或组合约束等具体图 操作上。如果中间过程只有自然语言解释，而缺少算法级的规划表示，模型生成的思路可能仍然比 较笼统，后续程序实现也难以准确判断应调用哪类图算法、如何组织输入以及如何检查输出约束。 搜索式与结构化推理Tree-of-Thoughts将问题求解过程看作一种搜索过程，通过扩展、评价和回溯 多条候选思路，增强模型在复杂任务中的探索能力。Graph-of-Thoughts进一步把不同思路组织成图 结构，使中间状态能够被复用，并支持思路之间关系的显式建模。ReAct将推理步骤与外部行动放在 同一循环中交替执行；Self-Refine、CRITIC以及过程验证类方法则说明，中间结果生成之后仍可以 继续接受检查、反馈和修正。这些研究共同表明，大语言模型的推理过程并不一定要表现为单条线
17,11,79.90%,317,第2章,chapters/chapter2.tex,思维链提示等方式 ，引导模型给出更完整的中间推理过程。第二阶段开始引入外部程序、工具或API，将精确 计算、查询和部分执行操作交给外部环境完成，从而弥补语言模型在数值计算和工具使用 上的不足。第三阶段则进一步关注多智能体协作和过程控制，在生成前后加入规划、检索 、审阅、验证和修复等步骤，使任务求解不再依赖单次生成结果。CAMEL、MetaGPT、 AgentVerse、AutoGen、LanguageAgents as Optimizable Graphs、Generative Agents 和 Voyager等工作都体现了这一趋势，即从单模型回答逐步转向多角色协同、过程可控和 持续执行的系统化求解方式。 图推理任务与上述演进路线具有较高契合度。一方面，图任务具有结构化输入、明确算法定义和可 执行求解过程；另一方面，任务结果通常可以通过程序运行或约束检查进行验证。因此，与其要求 单个模型在一次生成中同时完成问题理解、算法选择和程序实现，不如将这些功能拆分为多个可检 查阶段，并通过中间表示和外部工具提高整体稳定性。对于本文研究的问题，这一路径也为后续框 架设计提供了直接依据。 图 2.2概括展示了大语言模型推理增强方法的技术演化过程。对本文而言，这一演化过程不仅是相关 研究背景，也说明了图推理框架设计中需要关注的重点：仅通过提示词提升单次回答质量并不充分 ，还需要将外部知识、执行环境和验证反馈纳入同一求解流程中，从而形成更加稳定的程序化图推 理系统。
18,11,78.84%,236,第2章,chapters/chapter2.tex,间表示和外部工具提高整体稳定性。对于本文研究的问题，这一路径也为后续框 架设计提供了直接依据。 图 2.2概括展示了大语言模型推理增强方法的技术演化过程。对本文而言，这一演化过程不仅是相关 研究背景，也说明了图推理框架设计中需要关注的重点：仅通过提示词提升单次回答质量并不充分 ，还需要将外部知识、执行环境和验证反馈纳入同一求解流程中，从而形成更加稳定的程序化图推 理系统。 79.90% (317字符) 工具增强与多智能体协同由于图推理任务具有可执行、可验证的显著特征，工具调用、程序生成与 多智能体协同成为连接语言理解与算法求解的重要桥梁。本节重点讨论相关技术在图任务中的适配 方式。 程序生成驱动的图任务求解PAL的结果表明，在不少数学推理和符号推理任务中，让模型先生成程序 ，再由解释器执行计算，通常比直接输出答案更稳定。在通用程序生成方向，AlphaCode展示了大 模型处理复杂编程问题的能力。与此类似，GraphCoder等面向图任务的研究也尝试把自然语言图问 题转换为调用 NetworkX的程序，通过成熟图算法库完成具体求解。
19,11,80.15%,301,第2章,chapters/chapter2.tex,执行、可验证的显著特征，工具调用、程序生成与 多智能体协同成为连接语言理解与算法求解的重要桥梁。本节重点讨论相关技术在图任务中的适配 方式。 程序生成驱动的图任务求解PAL的结果表明，在不少数学推理和符号推理任务中，让模型先生成程序 ，再由解释器执行计算，通常比直接输出答案更稳定。在通用程序生成方向，AlphaCode展示了大 模型处理复杂编程问题的能力。与此类似，GraphCoder等面向图任务的研究也尝试把自然语言图问 题转换为调用 NetworkX的程序，通过成熟图算法库完成具体求解。 78.84% (236字符) 这种程序生成驱动的图任务求解方式，关键在于把精确计算环节从语言模型本身转移到外部执行环 境中。语言模型主要负责理解题意、选择算法并组织程序逻辑，具体的图计算、路径搜索或组合优 化过程则交由程序和图算法库完成。对于图推理这类既强调结构约束又要求精确结果的任务，这一 路线能够减少模型直接生成答案时的随机性和计算误差。 工具调用与外部知识使用Toolformer、ToolLLM等工作强调模型可以学习何时调用外部工具、使用 什么接口以及如何整合工具返回结果。Gorilla与 CRITIC的结果表明，模型不仅需要掌握调用能力 ，还需要在工具交互过程中完成 API对齐、结果校验和错误纠正。在图推理场景下，外部工具不仅包 括图计算函数，还包括图算法文档、函数说明和示例代码等知识源。
20,12,79.47%,298,第2章,chapters/chapter2.tex,"例如规划者、执行 者、检索者、审阅者和修复者等。不同角色在提示词、上下文和目标函数上各有侧重，可 以缓解单一智能体既要理解问题、又要生成程序、还要验证结果的压力。除GraphTeam 外 ,CAMEL、MetaGPT、AgentVerse、Generative Agents 与 Voyager等工作也从角色扮演协 作、软件式协同框架、群体模拟和持续探索等角度展示了多智能体系统的潜力。 不过，现有多智能体方法仍有进一步改进空间。首先，部分方法虽然设置了不同角色，但 协作过程更多表现为多轮讨论或意见汇总，缺少一个能够贯穿任务解析、检索、编码和修 复阶段的统一规划表示。其次，知识检索和执行验证在一些系统中仍属于辅助环节，通常 用于补充信息或检查结果，并没有与结构化求解流程深度绑定。对于图推理任务而言，角 色数量的增加并不能直接保证结果可靠；更关键的是让各角色围绕同一规划目标工作，并 通过执行反馈形成可回退、可修正的闭环。因此，本文进一步引入规划先行与验证闭环相 结合的组织方式，用于提升多智能体图推理过程的一致性和稳定性。 结合已有研究，面向图推理的多智能体系统在设计上至少需要考虑四个方面。第一，角色边界应当 明确。问题解析、规划生成、代码实现和执行验证如果职责混杂，系统虽然形式上完成了角色划分 ，但在出错时仍难以判断问题来自哪个阶段。第二，中间表示需要保持稳定。不同智能体之间不宜"
21,13,83.94%,444,第2章,chapters/chapter2.tex,推理增强、工具增强与多智能 体协同等角度梳理了本文工作的技术背景。为了明确相关工作的整体位置和本文方法的切 入点，本节从方法分类、任务能力分解和相关工作比较三个层面对已有技术进行归纳。 图推理相关方法分类公开基准测试集在图推理研究中扮演了非常重要的角色。一方面，它 们把原本零散的图算法问答、指令执行和动态图查询任务组织为可重复比较的标准测试集 ，使研究者能够更客观地评价模型性能。另一方面，不同基准测试集的设计重点并不相同 ，这恰好促使方法研究从单一任务优化转向跨任务泛化能力的讨论。例如，GraphArena更 强调经典算法与组合优化混合场景，NLGraph更强调自然语言问题理解，GraphWiz 和 GraphInstruct 更接近指令式执行，而LLM4DyG 又把时序动态性引入评价体系。 在本文中，引入基准测试集的目的并不只是说明使用了哪些数据，更重要的是分析不同基准分别考 察模型的哪些能力。各数据集在输入形式、图结构复杂度、约束强度和输出格式要求上并不相同。 只有先区分这些差异，才能解释同一种方法为什么可能在某个基准上取得较好结果，却在另一个基 准上出现性能下降。因此，本文在后续实验中不仅报告总体结果，也进一步从任务类别、样本难度 和扰动鲁棒性等角度进行分析。 为了更清楚地展示相关方法之间的关系，图 2.3从两个维度对代表性工作进行了整理。横轴表示方法 所面向的任务属性，左侧更接近通用推理任务，右侧更接近专门的图推理任务；纵轴表示方法的系 统组织程度，下方主要对应单次生成或弱反馈方法，上方则对应系统化协同或强闭环方法。位于左 下区域的CoT、Self-Consistency、ToT、GoT 和 CRITIC等方法，主要属于通用推理增强范式，关注 如何通过思维链扩展、路径搜索或自我修正提升单模型推理能力。位于右下区域的NLGraph、 GraphWiz、GraphGPT、GraphInstruct、GraphLLM、GCoder 和 LLM4DyG等工作，则更集中于图 任务本身，重点讨论图结构表示、图算法调用、程序化求解以及动态图推理等问题。
22,14,78.82%,263,第2章,chapters/chapter2.tex,示了两个相互交织的发展方向：一是从通用推理增强逐步转向图任务适配，二是从单模型 单次生成逐步转向系统化协同与闭环修正。本文方法同时关注图任务适配和系统化闭环求 解，因此与这两条发展方向保持一致。 图推理任务分类与能力分解为了更系统地理解图推理问题的研究范围，本文将常见任务划分为五类 ：结构查询类、路径搜索类、排序与可达性类、网络流与匹配类以及组合优化类。结构查询类任务 通常关注邻居、度数、连通分量和局部关系判断，更依赖图构建的准确性；路径搜索类任务关注最 短路径、可达性与遍历顺序，要求系统稳定处理边权、方向和路径格式；排序与可达性类任务强调 全局先后约束，例如拓扑排序和有向无环图判定；网络流与匹配类任务要求对容量、配对约束和全 局最优性同时建模；组合优化类任务如最大团、最小点覆盖和旅行商问题，则提高了搜索复杂度和 验证难度。
23,16,80.09%,322,第3章,chapters/chapter3.tex,为避免后续符号含义混淆，本文在方法章节中统一使用 Q表示原始自然语言问题，G 表示规范化后 的图数据，T 表示结构化任务描述，P表示规划结果，K 表示检索得到的知识集合，C 表示候选程序 ，F表示执行反馈，A 表示最终答案。 这一形式化定义主要突出图推理中的两点要求。首先，图推理不能只被看作文本理解问题，最终答 案需要同时满足图结构约束和算法约束。例如，在路径类任务中，输出的节点序列必须保证相邻节 点之间确实存在边；在旅行商问题中，结果不仅要访问所有节点，还需要形成闭合回路，并满足代 价优化目标。其次，图推理也不能简单等同于程序执行。原始任务中的目标描述、约束条件和输出 格式通常以自然语言给出，系统需要先完成语义解析，才能进一步选择合适的图算法并构造可执行 过程。
24,18,80.78%,362,第3章,chapters/chapter3.tex,"务类型或关键约束在这一阶段没有被显式提取，规划结果就可能从一开始偏离正 确方向。例如，对于旅行商问题，若解析阶段没有识别回到起点这一约束，规划阶段可能 只生成一条覆盖所有节点的路径，而不是闭合回路；在最大流问题中，若容量字段未被识 别，程序生成阶段可能将边权误用为普通距离。由此可见，解析阶段对约束的保真度直接 影响规划质量。 伪代码规划生成规划智能体基于结构化任务描述生成算法级伪代码规划： P←PlanningAgent(T)其中 P={p,p,…,p_(n)}表示一系列求解步骤，每个步骤对应一个清晰 的算法动作。本文采用伪代码而不是自然语言长段解释，主要是为了让规划同时服务于知 识检索、程序生成和执行验证。伪代码不要求完全符合某种编程语言语法，但需要明确输 入、计算、约束检查和输出之间的关系。 以带权最短路径任务为例，规划通常包含构建带权图、读取源点和目标点、调用最短路径算法、计 算路径总代价、按要求格式化输出等步骤。对于旅行商问题，规划则包含构建带权无向图、固定起 点或选择起点、枚举或搜索满足哈密顿回路约束的候选路径、计算每条回路总代价、返回最小代价 路径等步骤。不同任务的规划内容不同，但都遵循图构建—算法执行—约束验证—结果整理的基本结 构。 为了避免规划成为不可执行的自由文本，本文在生成阶段引入三类约束。首先，规划需要显式指明 任务族和核心算法方向，避免后续检索在过宽范围内搜索。其次，规划需要单独列出关键约束，而 不是把约束隐含在泛化描述中。最后，规划步骤需要保持合理顺序，尤其要避免先进行结果格式化 、再补充图构建或约束检查这类顺序错误。通过这些约束，规划能够承担前向骨架的作用，为下游 检索、编码和验证提供稳定语义。"
25,18,82.38%,441,第3章,chapters/chapter3.tex,免规划成为不可执行的自由文本，本文在生成阶段引入三类约束。首先，规划需要显式指明 任务族和核心算法方向，避免后续检索在过宽范围内搜索。其次，规划需要单独列出关键约束，而 不是把约束隐含在泛化描述中。最后，规划步骤需要保持合理顺序，尤其要避免先进行结果格式化 、再补充图构建或约束检查这类顺序错误。通过这些约束，规划能够承担前向骨架的作用，为下游 检索、编码和验证提供稳定语义。 80.78% (362字符) 规划表示设计本文对规划表示提出三个设计要求。第一，原子性。每条规划步骤应尽量只 表达一个核心动作，避免一条语句中混合构图、算法调用和输出整理等多个目标。原子化 步骤有利于后续将规划映射为检索查询、程序片段和验证检查点。第二，约束显式性。对 于起点固定、必须回路、容量限制、时间过滤、节点不重复等关键约束，规划需要以独立 步骤或标签形式给出。第三，工具无关性。规划本身不绑定某个具体库函数名，而是描述 算法语义；具体API 选择交由检索和编码阶段完成。 在这种表示方式下，规划不是单纯的自然语言说明，也不是可以直接运行的完整代码，而是位于任 务语义和程序实现之间的一层中间表示。它保留了一定抽象性，因此可以适配不同的图计算库和执 行环境；同时又明确给出算法步骤和关键约束，能够对后续检索和编码形成约束。与自由形式的思 维链相比，规划表示减少了冗余解释和随机展开；与直接生成代码相比，它又能更清楚地保留任务 目标和算法意图。 需要说明的是，规划阶段本身也可能出错。根据实验中的错误情况，常见问题包括任务类型判断错 误、关键约束遗漏、步骤描述过粗、步骤顺序不合适以及算法选择方向偏差等。任务类型判断错误 会使后续检索和代码生成从一开始偏离目标；约束遗漏可能导致程序虽然能够运行，但输出结果并 不符合题意；步骤描述过粗会使编码智能体缺少必要的实现依据；步骤顺序不合适则可能使生成程 序的控制流程变得混乱。本文并不默认规划结果一定正确，而是利用执行反馈对规划进行间接检查 。当错误信息多次指向同一类约束缺失或算法偏差时，系统可以回退到规划阶段，对原有规划进行 修正。
26,19,84.21%,436,第3章,chapters/chapter3.tex,"，记为Exe（P）。本文将 规划中的动作词映射为标准操作集合，如构图、算法调用、候选枚举、约束校验、结果格 式化等。若规划缺少核心动作，或动作顺序与数据依赖关系冲突，则可执行性评分下降。 综合三项指标，规划质量总分可表示为Score(P)=αCov(P)+βCon(P)+γExe(P)其中 α+β+γ= 1。 该评分具有两方面作用。在离线分析中，它帮助解释不同样例的失败来源。例如，某些样 例并非编码能力不足，而是规划覆盖率偏低，导致后续链路从一开始就缺少关键约束。在 运行过程中，它也可以作为回退触发信号：当Score(P)低于阈值时，方法流程优先请求规 划重写，而不是直接进入代码生成。这样，规划质量评价成为连接方法设计和反馈修正的 重要桥梁。 规划引导的知识检索与程序生成方法规划生成之后，系统需要将求解语义落到可执行实现上。对于 图推理任务而言，外部知识的作用不仅是补充背景事实，更重要的是提供稳定的图算法接口、参数 含义和返回格式说明。本节介绍如何构建图算法知识库，如何利用规划引导检索，以及如何将规划 和知识共同映射为候选程序。 图算法知识库构建为降低模型仅依赖参数记忆导致的实现不稳定，本文构建了面向图计算的外部知 识库。知识库条目主要来自图算法库文档、常见任务说明和接口示例。每个知识条目可表示为k_(i)= {name_(i),desc_(i),input_(i),output_(i),example_(i),tag_(i),strip_(i)}其中 name_（i） 表示函数或 算法名称，desc_（i） 表示功能描述，input_（i） 和output_（i） 分别表示参数与返回值说明 ，example_（i）表示简要调用示例，tag_（i） 表示任务类型、图属性和适用约束标签 ，strip_（i）表示从原始条目中拆分出的细粒度知识片段。这里的知识片段主要围绕适用图类型、 关键参数含义、返回结果结构、约束检查要点等信息组织，使检索阶段不必将整段文档原样送入编 码阶段，而可以按规划步骤重新组合更紧凑的实现依据。"
27,19,78.24%,226,第3章,chapters/chapter3.tex,示例，tag_（i） 表示任务类型、图属性和适用约束标签 ，strip_（i）表示从原始条目中拆分出的细粒度知识片段。这里的知识片段主要围绕适用图类型、 关键参数含义、返回结果结构、约束检查要点等信息组织，使检索阶段不必将整段文档原样送入编 码阶段，而可以按规划步骤重新组合更紧凑的实现依据。 84.21% (436字符) 知识库覆盖了多类常见图算法与图任务，包括最短路径、连通性判定、最小生成树、最大 流、匹配、拓扑排序、团与独立集、旅行商问题以及部分动态图处理方法。对于已经较为 成熟的算法，知识条目主要记录可调用API、输入参数格式和返回结果结构；对于组合优化 类任务，知识条目还会补充可行解检查方法和目标函数计算方式。所有知识条目在向量化 后写入检索索引，同时保留任务标签和算法标签，用于后续候选结果的过滤与重排序。 需要说明的是，知识库并不承担替代规划的作用。知识库提供的是实现依据、API选择线索和约束检 查信息，而规划负责确定当前任务应采用的求解思路和步骤顺序。如果直接使用原始问题进行检索
28,20,81.66%,326,第3章,chapters/chapter3.tex,"如，构建带权 无向图并计算从源点到终点的最短路径会被拆解为weighted graph、shortest path、 source target、path length等检索要素；旅行商规划中的枚举哈密顿回路并最小化总代价 则会转化为traveling salesman、Hamiltonian cycle、cycle cost、minimum route等检索 要素。第二步是结合图属性补充查询标签，如directed、weighted、capacity、 temporal等。第三步是将上述要素组合为更接近文档表达的检索文本。 这种查询构造策略的本质是语义压缩。自然语言问题中可能包含故事背景、变量解释和输出说明 ，但真正决定API选择的是任务类型、图属性和算法动作。通过规划压缩，检索器更容易命中与实现 相关的知识条目。第五章中的检索质量实验将验证，不同查询表达方式在Hit@k 和 MRR 指标上存在 明显差异，规划查询能够显著改善知识命中效果。 知识重排序、质量评估与纠偏筛选检索得到候选知识后，系统还需要结合规划进行重排序和筛选。 设候选知识条目为k_（i），其语义向量相似度为 s_（sem）（P，k_（i）），标签匹配得分为 s_（tag）（T，k_（i）），约束一致性得分为s_（cons）（P，k_（i）），则综合得分可表示为 s(P,T,k_(i))=λs_(sem)(P,k_(i))+λs_(tag)(T,k_(i))+λs_(cons)(P,k_(i))其中 λ+λ+λ=1。"
29,20,85.16%,531,第3章,chapters/chapter3.tex,"关的知识条目。第五章中的检索质量实验将验证，不同查询表达方式在Hit@k 和 MRR 指标上存在 明显差异，规划查询能够显著改善知识命中效果。 知识重排序、质量评估与纠偏筛选检索得到候选知识后，系统还需要结合规划进行重排序和筛选。 设候选知识条目为k_（i），其语义向量相似度为 s_（sem）（P，k_（i）），标签匹配得分为 s_（tag）（T，k_（i）），约束一致性得分为s_（cons）（P，k_（i）），则综合得分可表示为 s(P,T,k_(i))=λs_(sem)(P,k_(i))+λs_(tag)(T,k_(i))+λs_(cons)(P,k_(i))其中 λ+λ+λ=1。 81.66% (326字符) 语义相似度用于衡量知识条目与规划文本的整体相关性；标签匹配用于判断知识条目是否适用于当 前图属性和任务族；约束一致性则用于排除可能导致实现偏差的条目。例如，若任务明确要求有向 图上的最短路径，则无向图专用或忽略方向的说明应被降权；若任务涉及容量约束，则普通边权路 径算法不能被误作为最大流算法；若任务要求返回节点集合，则只返回数值目标的接口说明需要额 外补充格式化逻辑。 仅有重排序还不够。对于图推理任务，如果检索结果与规划步骤只存在表面语义相似，而未覆盖关 键约束或返回结构，编码阶段仍可能在API选择和参数组织上出现偏差。为此，本文引入检索质量评 估机制，对候选知识集合是否足以支撑当前规划进行显式判断。为避免与前述排序权重混淆，质量 评估阶段使用μ 表示各评价项权重。设规划共有 |P|个关键步骤，其中被候选知识覆盖的步骤比例为 Cov_（step）（K，P），关键约束覆盖比例为Cov_（cons）（K，P），候选知识之间的冗余度为 Red（K），则检索质量得分定义为RQ(K|P,T)=μmax_(k_(i)∈K)s(P,T,k_(i))+μCov_(step)(K,P)+ μCov_(cons)(K,P)−μRed(K)其中μ+μ+μ+μ=1。该得分不仅衡量最高相关条目的质量，还同时考虑 规划步骤是否被充分支撑、约束信息是否完整以及候选上下文是否存在明显噪声。"
30,21,79.30%,288,第3章,chapters/chapter3.tex,"n实现，并优先调用成熟图计算库完成核心算法 。编码阶段需要满足两个要求：一是忠实执行规划步骤，二是尽量使用检索知识中提供的 接口和参数说明，减少模型凭经验随意实现造成的错误。 为了提高映射稳定性，本文将规划到程序的转换显式建模为两阶段过程。第一阶段是从线 性规划到操作图。系统将伪代码步骤p_（i） 映射为操作节点 o_（i），并建立依赖边 e_（ij）表示数据依赖和执行顺序，形成_(P)=(,)其中，包含构图、算法调用、候选枚举、 约束检查和结果整理等节点类型。操作图能够显式表示哪些步骤必须先执行，哪些步骤可 以作为独立检查点，进而降低代码组织混乱的风险。 第二阶段是从操作图到程序骨架。系统为不同类型的操作节点分配相应模板片段，例如图初始化、 边权读取、算法调用、异常处理、可行性检查和输出封装，再按照依赖关系组织为候选程序。这样 ，即使模型在局部实现细节上出现偏差，整体程序结构仍受规划约束，不容易出现严重顺序错误。 此外，本文引入约束绑定机制，将规划中的关键约束绑定到程序中的检查点。例如，哈密顿路径或 旅行商任务会在结果检查阶段插入节点覆盖完整、节点不重复、路径闭合和代价与边权一致等检查 ；最大流任务会绑定容量字段和源汇点约束；动态图任务会绑定时间过滤逻辑。通过约束绑定，规 划中的语义不再停留在文字层面，而是转化为程序中的可验证条件。"
31,25,78.30%,232,第3章,chapters/chapter3.tex,于这些依赖关系被记录下来，系统在出现 错误后可以选择局部修复、补充检索或重新规划，而不是每次都无差别地重新生成全部内 容。 规划模板库设计为了使规划生成在不同数据集和任务类型上保持相对一致，本文设计了一 个轻量级规划模板库。该模板库并不保存具体问题的标准答案，而是针对不同任务族提供 基本的动作骨架，用于约束规划结果至少包含必要的求解环节。根据任务目标和约束形式 ，本文将常见图推理任务划分为路径类、连通与可达类、匹配与流类、组合优化类以及动 态图类。 不同任务族对应的规划重点有所差异。路径类任务通常需要依次处理图构建、起点和终点解析、路 径算法调用、路径合法性检查以及代价计算。连通与可达类任务更关注图构建、连通分量计算或遍 历过程、目标节点可达性判断以及布尔结果输出。匹配与流类任务需要明确容量约束或配对约束 ，并进一步完成核心算法调用、可行性检查和目标值输出。组合优化类任务一般包含候选解生成、 约束过滤、目标函数计算和最优解选择等步骤。动态图类任务则需要在上述基础上额外处理时间窗 口过滤、事件序列更新和时序约束检查。
32,25,79.65%,306,第3章,chapters/chapter3.tex, ，本文将常见图推理任务划分为路径类、连通与可达类、匹配与流类、组合优化类以及动 态图类。 不同任务族对应的规划重点有所差异。路径类任务通常需要依次处理图构建、起点和终点解析、路 径算法调用、路径合法性检查以及代价计算。连通与可达类任务更关注图构建、连通分量计算或遍 历过程、目标节点可达性判断以及布尔结果输出。匹配与流类任务需要明确容量约束或配对约束 ，并进一步完成核心算法调用、可行性检查和目标值输出。组合优化类任务一般包含候选解生成、 约束过滤、目标函数计算和最优解选择等步骤。动态图类任务则需要在上述基础上额外处理时间窗 口过滤、事件序列更新和时序约束检查。 78.30% (232字符) 模板库在使用时采用软约束方式。规划智能体可以根据具体题目补充或调整步骤，但如果规划结果 缺少对应任务族中的关键动作，系统会给出质量告警，并要求重新生成规划。这样做可以保留大语 言模型处理复杂自然语言问题时的灵活性，同时避免规划结果过于松散。对于长尾任务或表述较复 杂的样例，模板库能够提供相对稳定的求解骨架，从而减少关键步骤被遗漏的情况。 模板库也支持组合式调用。当一个任务同时包含多种属性时，例如动态图上的最短路径，或带容量 约束的路径选择，系统可以将主任务模板与属性子模板组合起来，生成复合规划。通过这种方式 ，本文不需要为每一个细分任务单独设计完整模板，也能覆盖更多任务变体，从而提高方法在不同 图推理场景中的迁移能力。
33,26,81.50%,355,第3章,chapters/chapter3.tex,划反馈流程，而不需要改变方法主体。 方法适用性与泛化性分析规划反馈方法的优势主要来自结构化分解和执行验证，但它并不 适用于所有情形。对于极简单的图查询，例如只需读取节点度数或判断一条边是否存在的 任务，分阶段规划、检索和验证可能带来不必要的调用开销。此时，直接程序生成或简单 规则解析已经能够稳定解决问题，完整规划反馈流程的收益相对有限。 对于知识库覆盖不足的长尾算法，规划反馈方法也可能受到限制。规划能够指出需要解决 的问题，但若外部知识库缺少对应API、算法说明或实现示例，检索阶段就无法为编码提供 充分支持。此时系统仍可依赖模型内部知识生成程序，但稳定性会下降。因此，知识库覆 盖范围和条目质量会影响该方法在长尾任务上的表现。 执行反馈的有效性还取决于任务是否具有可验证条件。最短路径、最大流、匹配、旅行商等任务通 常具备明确的可行性或最优性检查，因此适合采用程序执行反馈；而某些需要复杂数学证明、开放 式解释或难以自动判定正确性的任务，反馈信号可能不够充分。在这类任务中，系统需要额外引入 人工标注、符号验证或更强的判定器。 从时间复杂度和调用成本看，规划反馈方法相比端到端生成引入了额外阶段。设规划、检索、编码 和验证的平均开销分别为c_（p）、c_（r）、c_（c） 和 c_（v），平均修复轮数为t，则单个样例 的近似开销可表示为C_(pf)≈c_(p)+c_(r)+c_(c)+t(c_(v)+c_(fix))其中 c_(fix)表示单轮修复开销。该开 销高于一次性生成，但换来了更强的错误可观测性和可恢复性。因此，本文在第五章同时报告精确 匹配率、稳定性和效率指标，以展示方法收益与计算代价之间的关系。
34,26,79.26%,285,第3章,chapters/chapter3.tex,具有可验证条件。最短路径、最大流、匹配、旅行商等任务通 常具备明确的可行性或最优性检查，因此适合采用程序执行反馈；而某些需要复杂数学证明、开放 式解释或难以自动判定正确性的任务，反馈信号可能不够充分。在这类任务中，系统需要额外引入 人工标注、符号验证或更强的判定器。 从时间复杂度和调用成本看，规划反馈方法相比端到端生成引入了额外阶段。设规划、检索、编码 和验证的平均开销分别为c_（p）、c_（r）、c_（c） 和 c_（v），平均修复轮数为t，则单个样例 的近似开销可表示为C_(pf)≈c_(p)+c_(r)+c_(c)+t(c_(v)+c_(fix))其中 c_(fix)表示单轮修复开销。该开 销高于一次性生成，但换来了更强的错误可观测性和可恢复性。因此，本文在第五章同时报告精确 匹配率、稳定性和效率指标，以展示方法收益与计算代价之间的关系。 81.50% (355字符) 综合来看，规划反馈方法更适用于三类特征同时较为明显的图推理任务：任务具有清晰的结构约束 ，结果可以通过程序或规则进行验证，并且算法实现本身具有一定复杂度。对于这类任务，规划可 以减少求解路线的随机性，检索可以补充API和算法实现知识，执行反馈则可以及时暴露程序错误或 约束遗漏，避免错误在后续阶段继续累积。对于过于简单，或缺少明确验证标准的任务，是否启用
35,27,79.65%,297,第3章,chapters/chapter3.tex,、修复轮数、运行开销和错误类 型，判断规划反馈机制在不同任务条件下是否真正发挥作用。 本章小结本章围绕基于规划反馈的图推理求解方法进行了说明。该方法先将自然语言形式 的图推理任务转换为结构化任务表示，并在此基础上生成算法级伪代码规划；随后，系统 利用规划结果约束外部知识检索和候选程序生成；最后，通过程序执行和结果检查获得反 馈，并据此触发局部修复、补充检索或规划重写。相比端到端直接生成答案的方式，该方 法通过中间语义表示拆分任务理解、算法选择和程序实现过程，降低了一次性联合生成的 难度，同时利用执行反馈及时发现并修正错误，减少错误在后续阶段中的继续传递。 本章重点讨论的是方法层面的求解范式和关键机制。下一章将介绍基于黑板调度的多智能体图推理 协同框架，说明上述方法如何在框架中完成调度、工件管理、异常恢复和任务扩展。 基于黑板调度的多智能体图推理协同框架上一章主要从方法原理角度说明 PlanGraph如何把图推理 任务拆分为规划、检索、验证和反馈推理等阶段。本章进一步讨论系统实现问题，重点说明该方法 在实际运行时如何被组织成一个可调度、可恢复、可追踪且可复现的多智能体协同框架。与第三章 侧重解释求解流程的设计原因不同，本章更关注这一流程如何被稳定执行。因此，本章不再重复各 模块的算法功能，而是围绕主控调度、共享黑板、中间工件、执行控制、缓存复现和任务适配等运 行机制展开。
36,28,80.80%,346,第4章,chapters/chapter4.tex,基于上述目标，PlanGraph在系统实现上采用以主控调度器为中心、以共享黑板和工件链 为支撑的多智能体协同框架。系统接收自然语言问题和图结构输入，在输出最终答案的同 时，保留对应的中间工件、运行日志和恢复轨迹。其设计重点并不是让各角色进行自由交 互，而是在职责边界明确的基础上，把第三章提出的规划反馈方法落实为可控制、可记录 的执行过程。围绕这一目标，后续各节将从架构与调度、工件与恢复、复现与扩展三个方 面展开说明，并为第五章的实验结果提供实现层面的支撑。 框架架构与协同调度机制本节围绕 PlanGraph的系统组织方式展开，重点说明系统如何从总体架构 、主控调度和黑板事件三个层面支撑多智能体协同。与第三章中按方法模块展开的叙述不同，本节 关注运行期的控制关系：系统如何接收任务、如何推进阶段、如何记录事件，以及如何在失败时选 择下一步动作。 框架总体架构多智能体系统的一种直接实现方式是让不同角色通过自然语言彼此对话，由模型自行 决定何时规划、何时检索、何时修复。然而，在图推理场景中，这种方式存在明显风险：一方面 ，角色之间可能重复承担同一职责，例如规划智能体和编码智能体都试图重新解释任务；另一方面 ，当程序执行失败时，系统难以判断应当回到规划阶段、检索阶段还是编码阶段。为避免这类控制 流不稳定问题，PlanGraph将全局流程交由主控调度器统一管理，各角色智能体只负责本阶段的局 部任务。
37,28,78.32%,233,第4章,chapters/chapter4.tex,度层、多智能体执行层 以及共享状态与支撑资源层。输入与任务建模层负责接收自然语言问题和图结构信息；主 控调度层负责推进阶段、检查状态并决定失败后的恢复动作；多智能体执行层包含问题智 能体、规划智能体、检索智能体、编码智能体和推理智能体；共享状态与支撑资源层则提 供黑板、工件存储、知识库、执行器和缓存等基础设施。与第三章中的方法流程图相比 ，本图更强调运行期控制关系，即调度器如何组织各角色协同、如何保存阶段状态，以及 框架如何在失败后进入受控恢复路径。 在具体实现中，调度器不负责生成具体内容，而是维护当前样例的运行状态、已有工件以及剩余恢 复预算。各角色智能体被调用时，只读取本阶段所需的信息。例如，规划智能体读取结构化任务表 示，检索智能体读取规划结果和任务标签，编码智能体读取规划与知识条目，推理智能体读取候选 程序和验证反馈。阶段任务完成后，智能体将生成结果写入工件存储，并在共享黑板中记录相应事 件。采用这种方式后，角色之间不需要直接互相调用，也不需要各自维护复杂的私有上下文；系统 中的协作关系由调度器和黑板统一管理。
38,32,79.13%,270,第4章,chapters/chapter4.tex,，验证样例会覆盖时间窗口和事件顺序。 以旅行商任务中的一次失败恢复为例，系统会先完成任务解析和规划，再依据规划结果召回相关知 识并生成候选程序。若首轮验证发现程序在读取边信息时缺少必要字段，调度器会将该错误归入图 构建或API使用问题，并选择二次检索与局部修复路径。二次检索时，系统会把错误类型和报错摘要 加入查询条件；推理智能体则在不改变原始规划的前提下，重点修复图构建部分的实现逻辑。修复 后的程序重新进入验证阶段，只有当路径闭合、节点覆盖和代价计算均通过检查后，系统才会进入 答案输出阶段。这个过程表明，PlanGraph中的反馈并不是让模型重新自由尝试，而是利用执行器 给出的外部信号来驱动检索和修复。
39,32,80.57%,335,第4章,chapters/chapter4.tex,过检查后，系统才会进入 答案输出阶段。这个过程表明，PlanGraph中的反馈并不是让模型重新自由尝试，而是利用执行器 给出的外部信号来驱动检索和修复。 79.13% (270字符) 从运行机制看，这一闭环还可以限制失败信息的传播范围。若候选程序只是出现API参数错 误，系统不会把整个任务重新交给模型生成，而是将错误整理为结构化反馈，并与原规划 、原检索知识一起提供给修复阶段。这样既保留了前序阶段已经确定的求解意图，又能针 对真实报错进行局部调整。对于图推理任务而言，这种保留稳定部分、修复局部偏差的策 略较为重要，因为很多失败并不是任务方向完全错误，而是来自图字段组织、边权读取、 约束检查或输出格式等实现细节。 该闭环机制也说明了第四章与第三章的分工。第三章关注规划、检索和验证作为方法模块如何提升 求解质量；本节关注这些模块在系统运行时如何被调度器连接成可恢复的执行链路。换言之，系统 实现的重点不是重复论证规划为什么有效，而是确保规划、知识和反馈能够以稳定的数据结构流动 ，并在失败时形成明确的恢复路径。 执行控制与异常恢复由于 PlanGraph采用程序化求解，系统可靠性不仅取决于语言模型生成质量 ，还取决于运行时能否安全执行候选程序、识别失败类型并及时终止错误分支。图推理程序可能包 含组合搜索、图遍历、路径枚举或动态更新等操作，若缺少执行控制，错误程序可能出现异常退出 、无限搜索、输出格式不规范或资源占用过高等问题。因此，PlanGraph将执行控制设计为系统可 靠性的独立组成部分，而不是简单地把程序交给解释器运行。
40,33,79.21%,274,第4章,chapters/chapter4.tex,到输出格式约束影响。第五章中的误差分析正是基 于这类结构化运行记录展开的。 异常恢复机制还体现了系统层面对“正确性”和“可用性”的折中。对于部分组合优化任 务，严格验证可能增加执行次数和反馈轮数，但它能够减少表面可运行、实际不满足约束 的答案；对于部分简单结构查询任务，系统则可以在首次验证通过后直接输出，避免不必 要的修复开销。因此，恢复策略并不是固定地追求更多轮次，而是在错误类型、恢复预算 和任务复杂度之间做受控选择。这种选择由调度器执行，而不是由单个智能体临时决定 ，以保证不同样例之间的运行策略具有一致性。 执行控制并不能保证所有失败都能被自动修复。对于规划阶段已经遗漏核心约束、知识库缺乏相关 算法条目或任务本身需要复杂长尾搜索的样例，局部修复可能只能缓解部分实现错误。因此，本文 将异常恢复定位为提高系统稳定性与可诊断性的机制，而不是保证所有样例必然成功的万能策略。 这种边界说明也使系统设计更符合工程实践。 框架配置管理与任务扩展机制前两节分别说明了系统的调度方式和反馈恢复机制，本节讨论 PlanGraph如何在工程层面控制运行开销、管理关键配置，并支持新任务扩展。对于硕士学位论文 而言，这部分内容的重点不是展示复杂工程接口，而是说明系统实现如何支撑后续实验比较和方法 迁移。
41,33,78.25%,212,第4章,chapters/chapter4.tex,保证所有样例必然成功的万能策略。 这种边界说明也使系统设计更符合工程实践。 框架配置管理与任务扩展机制前两节分别说明了系统的调度方式和反馈恢复机制，本节讨论 PlanGraph如何在工程层面控制运行开销、管理关键配置，并支持新任务扩展。对于硕士学位论文 而言，这部分内容的重点不是展示复杂工程接口，而是说明系统实现如何支撑后续实验比较和方法 迁移。 79.21% (274字符) 运行开销与缓存优化多智能体协同和验证反馈会引入额外的运行开销。与直接生成答案的方法相比 ，PlanGraph需要依次完成任务解析、规划生成、知识检索、代码生成、执行验证以及必要的反馈 修复，因此系统实现不能只关注准确率，也需要控制调用成本和执行时延。如果单纯增加智能体数 量或放宽修复轮数，部分样例的成功率可能会提高，但整体运行成本也会随之上升。基于这一考虑 ，本节从开销来源、缓存优化和配置管理三个方面说明PlanGraph 如何在保证求解质量的同时控制 工程代价。
42,35,78.73%,258,第4章,chapters/chapter4.tex,"的作用，就是将不同图任务的语义映射到统一主 流程中。 从抽象形式看，任务适配器可表示为_(task)={τ,_(tag),,_(alg),_(tpl),_(rule)}其中，τ 表示任 务类型，_（tag） 表示图结构标签，表示关键约束集合，_（alg） 表示候选算法族 ，_（tpl） 表示规划模板，_（rule）表示验证规则集合。该形式化表示并不是为了增加额 外算法复杂度，而是为了说明任务适配器在系统中的位置：它位于任务理解和主流程调度 之间，用于把具体任务语义转化为后续阶段可消费的结构化条件。 具体而言，任务适配器并不直接给出答案，而是描述某类任务的图类型、目标类型、输出形式、关 键约束、算法族和验证规则。以旅行商任务为例，适配器会声明该任务通常属于带权无向图，目标 类型为组合优化，输出形式为路径，关键约束包括访问每个节点一次、回到起点和最小化总代价 ；对应算法族可包括旅行商问题、哈密顿回路和组合枚举；验证规则则包括路径是否闭合、是否覆 盖全部节点、路径边是否合法以及总代价是否与边权一致。通过这些适配信息，规划模块能够生成 更完整的动作序列，检索模块能够构造更聚焦的查询，验证模块也能够执行更有针对性的约束检查 。"
43,36,80.29%,330,第4章,chapters/chapter4.tex,求解或静态分析时，只要保持验证工件 结构一致，调度器也不需要改变。由此，PlanGraph的可扩展性来自主调度流程、任务适 配器和验证规则之间的职责分离。 本章小结本章从系统实现角度对 PlanGraph进行了展开。与第三章侧重方法原理不同，本 章重点说明了规划、检索、编码和验证等模块在真实运行中如何被组织为稳定的多智能体 协同框架。首先，系统通过总体架构和黑板调度机制明确各角色的职责边界、状态转移方 式和事件记录规则。其次，系统利用中间工件管理与反馈恢复机制，支持失败归因、过程 回放、局部修复和异常控制。最后，系统通过缓存机制、显式配置、运行产物管理和任务 适配器，保证实验过程可以复现，并为后续任务扩展提供实现基础。 总体而言，PlanGraph的系统价值不在于简单增加智能体数量，而在于将多智能体协作约束在可观 察、可恢复和可复现的运行框架中。上述系统机制共同构成第五章实验验证的基础，也说明本文方 法不仅具有概念上的合理性，而且具备落地为稳定图推理系统的工程条件。 实验验证与结果分析实验设计与设置本章围绕方法是否有效、机制是否成立、系统代价是否可接受 三个层面展开实验验证。考虑到本文提出的是一种基于规划反馈的多智能体图推理协同求解方法 ，实验设计不仅需要比较总体精确匹配率，还需要从任务类型、知识检索质量、参数预算、工程开 销与输入扰动鲁棒性等角度对方法行为进行拆解分析。基于这一思路，本章先说明实验目标、数据 集与实验设置，再从方法性能评估、机制验证与运行特性分析以及案例分析三个方面展开结果讨论 。
44,38,77.10%,111,摘要,chapters/abstract.tex,是否能够依据规划 调用合适的图算法API；约束满足能力则用于评估路径、匹配和时间窗口等关键约束的达成 情况。这些观察维度虽然不直接纳入统一表格统计，但对理解PlanGraph 性能来源具有重 要意义。 方法性能评估总体性能分析 表5.1给出了 PlanGraph 在统一评测集合上的总体精确匹配率结果，其中任务数表示本文实际纳入主实验统计的任务类别数 量。PlanGraph在五个基准测试集中有四个取得最优结果，在其余一个基准测试集上保持竞争力
45,39,80.15%,281,第5章,chapters/chapter5.tex, 98.74 +0.41平均– 56.86 95.23 94.51 97.66 +2.12从具体结果看，PlanGraph 在 GraphWiz 上提升最为明显，较 GCoder 提升 6.81个百分点。这意味着在算法约束较强、路径搜索更复杂的任务中，规划反 馈闭环能够较明显地减少直接生成带来的错误。PlanGraph在 GraphArena 和 NLGraph上 也取得了稳定提升，反映出本文方法对经典图算法和自然语言图问题都具备较强适配性。 在 LLM4DyG 上，PlanGraph 与最佳方法相差 0.24个百分点，结果略低于最优值，但整体仍具有竞 争力。这一差距说明，动态时序信息会给规划生成和程序实现带来额外难度，例如时间窗口筛选、 事件顺序维护和动态图状态更新等环节仍可能影响最终结果，因此后续仍有进一步优化空间。 从不同基线的表现差异来看，GPT-4o直接推理在各个基准测试集上均明显低于程序生成式方法和多 智能体方法，说明图推理任务较依赖外部结构化求解能力。GraphTeam和 GCoder 已经取得较高性 能，而 PlanGraph仍能在四个基准测试集上继续提升结果，表明仅依赖多智能体分工或代码生成并 不充分。对于复杂图任务，规划、知识检索和执行验证之间是否形成有效配合，同样会影响最终求 解质量。
46,40,78.36%,236,第5章,chapters/chapter5.tex,法的优势进一步扩大，说明规 划先行与执行验证机制对大搜索空间下的稳定求解具有更明显作用。 综合图5.2和图5.3，可以归纳出以下结论：PlanGraph的性能收益主要来源于复杂任务场景 ，而非简单任务上的边际提升。在非 NP完全任务和简单样本上，方法间差距较小；当任务 进入 NP完全或困难样本区间后，规划、检索与验证模块的协同作用开始更加明显。两个分 层结果中逐步扩大的性能差距也支撑了本文的方法定位：面向高约束图推理任务，优先提 升求解过程的可执行性、约束一致性与稳定性，而不是单纯追求单轮生成速度。 机制验证与运行特性分析第四章已经从系统实现角度说明了规划、检索与验证之间的协作方式。本 节不再重复系统流程，而是通过若干补充实验考察这些机制在实验层面的实际作用。本文依次观察 重复运行稳定性、不同检索查询方式的知识命中质量、关键参数组合的变化趋势、系统的工程开销 、输入扰动下的鲁棒性表现以及关键模块消融结果，以分析性能收益与规划、检索、验证三类机制 之间的对应关系。其中，检索质量相关实验也用于验证第三章提出的检索质量评估与纠偏筛选机制
47,42,79.79%,302,第5章,chapters/chapter5.tex,.81.11.3最大流14.61.31.8旅行商问题 24.31.82.7： 不同任务上的平 均推理开销 从表 5.4可以看出，不同任务的工程开销差异较明显。最短路径问题的结构相对清楚，算法 接口也较成熟，因此规划、检索和验证过程通常较为顺畅。最大流任务需要处理容量约束 和残量网络，程序实现中涉及的状态更新更多，平均验证次数因此有所增加。旅行商问题 还需要显式处理组合搜索、节点覆盖、回路闭合和可行性判断，因而整体耗时和验证次数 最高。这一结果与前文的性能分析相一致：任务越依赖复杂约束满足，规划反馈框架越容 易发挥作用，但同时也会带来更高的推理、检索和验证成本。 然而，这一额外开销并非单纯的系统负担。对于组合优化问题，如果缺乏验证环节，系统虽然可以 更快给出答案，但错误率通常会显著升高；而加入验证后，即便存在更多程序执行步骤，整体输出 质量和可信度却显著提升。就本文研究目标而言，本文更强调可靠地完成图推理，而非追求最低时 延响应，因此以一定推理开销换取更高精确匹配率和结果可信度是合理的设计选择。 鲁棒性分析除标准基准测试集外，本文还在输入扰动设置下考察 PlanGraph的表现，以分析框架对 问题表述变化的稳定性。该实验覆盖五个基准测试集，并构造了三种常见扰动：节点顺序随机打乱 、边列表描述改写、输出要求从自然语言答案改为结构化列表。在相同求解任务下比较精确匹配率 变化，结果如表5.5所示。
48,43,79.75%,308,第5章,chapters/chapter5.tex,型更容 易在算法选择、边权处理、方向判断或输出格式控制等环节出现偏差。 去除验证模块后，系统性能也出现了较大下降，尤其在 GraphWiz 上从 97.01%降至 90.72%。程序执行反馈对于纠正代码错误的作用在这里体现得比较直接。即使规划与检索 都较为合理，编码阶段仍可能出现参数名错误、函数选型偏差和边界条件遗漏；若没有执 行闭环，这些问题将直接影响最终答案。 检索模块带来的性能提升相对温和，但依然稳定。本文认为，规划模块解决的是任务目标 与求解方向的问题，检索模块解决的是实现依据是否充分的问题，验证模块则负责检查结 果是否满足要求。三者共同构成了PlanGraph 的完整求解闭环。 从三个消融变体的结果中还可以看到，规划模块的作用并不只体现在精确匹配率上。它同时为检索 和验证提供了相对稳定的中间锚点。移除规划模块后，检索阶段只能依赖原始问题构造查询，验证 阶段也缺少明确的目标约束，系统更容易退化为围绕原始问题反复生成和修补代码的过程。在这种 情况下，错误来源会变得更加分散，算法选择偏差、约束遗漏和输出格式错误都可能增加。 检索模块带来的数值提升虽然略低于规划模块和验证模块，但它对跨任务泛化仍然重要。对于一些 出现频率较低或接口细节较复杂的图任务，模型内部知识未必足以支持稳定的函数选择和参数使用 。规划引导检索可以为程序生成阶段补充更明确的API 说明、算法描述和实现依据，从而降低代码生 成中的工具误用风险。
49,46,77.20%,142,第5章,chapters/chapter5.tex, 本章小结本章围绕实验设计与设置、方法性能评估、机制验证与运行特性分析，以及案例 分析，对PlanGraph 的有效性进行了系统验证。从实验结果来看，PlanGraph在五个基准 测试集中有四个取得最优结果，平均精确匹配率达到 97.66%，较最佳现有方法平均提升 2.12 个百分点；其优势在高约束、强组合性的图任务中更加明显。稳定性、检索质量、参数、效率、鲁 棒性与消融分析表明，规划、检索和验证模块之间的协同闭环是性能提升的重要来源；案例与误差 分析则揭示了方法的适用边界及后续改进方向。本章结果为本文方法的有效性与可解释性提供了较 充分的实证支撑。 总结与展望
50,46,80.57%,345,第5章,chapters/chapter5.tex,例构造等方面继续完善，以提升方法在更复杂场景下的 适用性。 本章小结本章围绕实验设计与设置、方法性能评估、机制验证与运行特性分析，以及案例 分析，对PlanGraph 的有效性进行了系统验证。从实验结果来看，PlanGraph在五个基准 测试集中有四个取得最优结果，平均精确匹配率达到 97.66%，较最佳现有方法平均提升 2.12 个百分点；其优势在高约束、强组合性的图任务中更加明显。稳定性、检索质量、参数、效率、鲁 棒性与消融分析表明，规划、检索和验证模块之间的协同闭环是性能提升的重要来源；案例与误差 分析则揭示了方法的适用边界及后续改进方向。本章结果为本文方法的有效性与可解释性提供了较 充分的实证支撑。 总结与展望 77.20% (142字符) 论文总结图推理任务要求模型同时完成结构理解、约束满足、算法选择和结果表达等多个环节，对 大语言模型的综合求解能力提出了较高要求。现有方法虽然已经在部分图任务上展现出一定效果 ，但仍普遍存在端到端推理链条过长、知识调用缺乏中间组织以及程序生成结果不稳定等问题，导 致模型在复杂图任务、强约束任务和动态图任务中容易出现理解偏差、实现错误或格式失配。围绕 上述问题，本文提出了一种基于规划反馈的图推理多智能体协同求解框架PlanGraph，通过在问题 理解与程序执行之间引入显式伪代码规划，并利用执行反馈对程序实现、知识调用与规划结果进行 反向修正，将规划、检索、编码、验证和修复等环节组织为一个相互衔接的求解闭环。在本文所采 用的图推理设定与实验条件下，这一框架能够提升复杂图推理任务中的求解稳定性、可验证性与过 程可解释性。
51,47,77.12%,115,第6章,chapters/chapter6.tex,性、参数敏感性、工程开销、鲁棒性、消融实验和案例分析等多个角度展开了分析。根 据第五章的实验结果，在本文设定下，PlanGraph在五个基准测试集中有四个取得最优结 果，平均精确匹配率达到 97.66%，较最佳现有方法平均结果提升 2.12 个百分点；尤其在组合优化、路径搜索和结构约束较强的任务中，整体优势更稳定。规划、检索与 验证三者之间的协同闭环，是性能提升和稳定性增强的重要来源。实验中的失效样例也提示 ，PlanGraph在动态图场景下仍有优化空间。
52,50,78.04%,200,附录,chapters/appendix.tex, 94.74 97.47WNB 44.67 20.00 100.00 94.83 100.00CTC 77.33 66.70 99.67 100.00 99.33CTP 57.67 59.80 87.00 100.00 92.03FTP 46.67 80.80 81.00 74.58 84.57SE 49.67 35.80 99.67 93.67 99.33 从表中可以看出，PlanGraph在边出现时间查询、给定时间邻居查询、动态图邻居集合查询和边时 间排序等任务上表现较好，但在首次连通时间查询、三元闭包判定和时序路径判定等任务上尚未全 面超过最优对比方法。这说明动态图任务内部差异较大。对于更依赖结构约束检查和过程验证的任 务，规划反馈闭环能够带来更明显的收益；而对于需要细粒度时间建模或连续状态跟踪的任务，当 前方法仍存在改进空间。该现象也与正文中对LLM4DyG 整体结果的分析相一致。
